"filename", "language", "Markdown", "Python", "JSON", "CMake", "C++", "C", "Rust", "CMake Cache", "YAML", "comment", "blank", "total"
"v:\vex_os\CMakeLists.txt", "CMake", 0, 0, 0, 1165, 0, 0, 0, 0, 0, 0, 69, 1234
"v:\vex_os\apps\compositor\main.c", "C", 0, 0, 0, 0, 0, 354, 0, 0, 0, 0, 34, 388
"v:\vex_os\apps\compositor\manifest.json", "JSON", 0, 0, 14, 0, 0, 0, 0, 0, 0, 0, 1, 15
"v:\vex_os\apps\diagnostics\main.c", "C", 0, 0, 0, 0, 0, 203, 0, 0, 0, 0, 21, 224
"v:\vex_os\apps\diagnostics\manifest.json", "JSON", 0, 0, 13, 0, 0, 0, 0, 0, 0, 0, 1, 14
"v:\vex_os\apps\gpu\main.c", "C", 0, 0, 0, 0, 0, 347, 0, 0, 0, 0, 36, 383
"v:\vex_os\apps\gpu\manifest.json", "JSON", 0, 0, 14, 0, 0, 0, 0, 0, 0, 0, 1, 15
"v:\vex_os\apps\init\desktop_animation.c", "C", 0, 0, 0, 0, 0, 26, 0, 0, 0, 0, 4, 30
"v:\vex_os\apps\init\desktop_animation.h", "C++", 0, 0, 0, 0, 14, 0, 0, 0, 0, 0, 5, 19
"v:\vex_os\apps\init\desktop_app_runtime.c", "C", 0, 0, 0, 0, 0, 1101, 0, 0, 0, 8, 102, 1211
"v:\vex_os\apps\init\desktop_app_runtime.h", "C++", 0, 0, 0, 0, 65, 0, 0, 0, 0, 0, 8, 73
"v:\vex_os\apps\init\desktop_catalog.c", "C", 0, 0, 0, 0, 0, 68, 0, 0, 0, 0, 21, 89
"v:\vex_os\apps\init\desktop_catalog.h", "C++", 0, 0, 0, 0, 39, 0, 0, 0, 0, 7, 7, 53
"v:\vex_os\apps\init\desktop_domain.c", "C", 0, 0, 0, 0, 0, 395, 0, 0, 0, 0, 28, 423
"v:\vex_os\apps\init\desktop_domain.h", "C++", 0, 0, 0, 0, 36, 0, 0, 0, 0, 0, 5, 41
"v:\vex_os\apps\init\desktop_input.c", "C", 0, 0, 0, 0, 0, 124, 0, 0, 0, 0, 7, 131
"v:\vex_os\apps\init\desktop_input.h", "C++", 0, 0, 0, 0, 43, 0, 0, 0, 0, 0, 6, 49
"v:\vex_os\apps\init\desktop_launcher.c", "C", 0, 0, 0, 0, 0, 30, 0, 0, 0, 0, 4, 34
"v:\vex_os\apps\init\desktop_launcher.h", "C++", 0, 0, 0, 0, 14, 0, 0, 0, 0, 0, 5, 19
"v:\vex_os\apps\init\desktop_layout.c", "C", 0, 0, 0, 0, 0, 98, 0, 0, 0, 0, 12, 110
"v:\vex_os\apps\init\desktop_layout.h", "C++", 0, 0, 0, 0, 21, 0, 0, 0, 0, 0, 5, 26
"v:\vex_os\apps\init\desktop_pointer.c", "C", 0, 0, 0, 0, 0, 163, 0, 0, 0, 0, 16, 179
"v:\vex_os\apps\init\desktop_pointer.h", "C++", 0, 0, 0, 0, 49, 0, 0, 0, 0, 0, 7, 56
"v:\vex_os\apps\init\desktop_ps2.c", "C", 0, 0, 0, 0, 0, 156, 0, 0, 0, 0, 13, 169
"v:\vex_os\apps\init\desktop_ps2.h", "C++", 0, 0, 0, 0, 20, 0, 0, 0, 0, 0, 6, 26
"v:\vex_os\apps\init\desktop_registry.c", "C", 0, 0, 0, 0, 0, 211, 0, 0, 0, 0, 27, 238
"v:\vex_os\apps\init\desktop_registry.h", "C++", 0, 0, 0, 0, 25, 0, 0, 0, 0, 0, 5, 30
"v:\vex_os\apps\init\desktop_rtc.c", "C", 0, 0, 0, 0, 0, 161, 0, 0, 0, 0, 20, 181
"v:\vex_os\apps\init\desktop_rtc.h", "C++", 0, 0, 0, 0, 16, 0, 0, 0, 0, 0, 5, 21
"v:\vex_os\apps\init\desktop_runtime.c", "C", 0, 0, 0, 0, 0, 99, 0, 0, 0, 0, 11, 110
"v:\vex_os\apps\init\desktop_runtime.h", "C++", 0, 0, 0, 0, 37, 0, 0, 0, 0, 0, 7, 44
"v:\vex_os\apps\init\desktop_session.c", "C", 0, 0, 0, 0, 0, 328, 0, 0, 0, 0, 27, 355
"v:\vex_os\apps\init\desktop_session.h", "C++", 0, 0, 0, 0, 97, 0, 0, 0, 0, 0, 8, 105
"v:\vex_os\apps\init\desktop_shell_ui.c", "C", 0, 0, 0, 0, 0, 226, 0, 0, 0, 0, 8, 234
"v:\vex_os\apps\init\desktop_shell_ui.h", "C++", 0, 0, 0, 0, 48, 0, 0, 0, 0, 0, 7, 55
"v:\vex_os\apps\init\desktop_stage.c", "C", 0, 0, 0, 0, 0, 172, 0, 0, 0, 0, 8, 180
"v:\vex_os\apps\init\desktop_stage.h", "C++", 0, 0, 0, 0, 60, 0, 0, 0, 0, 0, 9, 69
"v:\vex_os\apps\init\desktop_views.c", "C", 0, 0, 0, 0, 0, 561, 0, 0, 0, 0, 26, 587
"v:\vex_os\apps\init\desktop_views.h", "C++", 0, 0, 0, 0, 73, 0, 0, 0, 0, 0, 9, 82
"v:\vex_os\apps\init\main.c", "C", 0, 0, 0, 0, 0, 1103, 0, 0, 0, 0, 92, 1195
"v:\vex_os\apps\init\manifest.json", "JSON", 0, 0, 15, 0, 0, 0, 0, 0, 0, 0, 1, 16
"v:\vex_os\apps\init\vex_boot_info.h", "C++", 0, 0, 0, 0, 81, 0, 0, 0, 0, 0, 11, 92
"v:\vex_os\apps\init\vex_gpu_proto.h", "C++", 0, 0, 0, 0, 74, 0, 0, 0, 0, 0, 13, 87
"v:\vex_os\apps\init\vex_ui_proto.h", "C++", 0, 0, 0, 0, 85, 0, 0, 0, 0, 0, 12, 97
"v:\vex_os\apps\services\main.c", "C", 0, 0, 0, 0, 0, 293, 0, 0, 0, 0, 28, 321
"v:\vex_os\apps\services\manifest.json", "JSON", 0, 0, 15, 0, 0, 0, 0, 0, 0, 0, 1, 16
"v:\vex_os\apps\terminal\main.c", "C", 0, 0, 0, 0, 0, 134, 0, 0, 0, 0, 13, 147
"v:\vex_os\apps\terminal\manifest.json", "JSON", 0, 0, 14, 0, 0, 0, 0, 0, 0, 0, 1, 15
"v:\vex_os\apps\testcenter\main.c", "C", 0, 0, 0, 0, 0, 182, 0, 0, 0, 0, 16, 198
"v:\vex_os\apps\testcenter\manifest.json", "JSON", 0, 0, 14, 0, 0, 0, 0, 0, 0, 0, 1, 15
"v:\vex_os\boot\loader\include\efi.h", "C++", 0, 0, 0, 0, 331, 0, 0, 0, 0, 0, 28, 359
"v:\vex_os\boot\loader\include\loader.h", "C++", 0, 0, 0, 0, 56, 0, 0, 0, 0, 0, 13, 69
"v:\vex_os\boot\loader\include\tweetnacl.h", "C++", 0, 0, 0, 0, 10, 0, 0, 0, 0, 0, 3, 13
"v:\vex_os\boot\loader\src\common.c", "C", 0, 0, 0, 0, 0, 32, 0, 0, 0, 0, 6, 38
"v:\vex_os\boot\loader\src\elf.c", "C", 0, 0, 0, 0, 0, 72, 0, 0, 0, 0, 13, 85
"v:\vex_os\boot\loader\src\main.c", "C", 0, 0, 0, 0, 0, 462, 0, 0, 0, 0, 48, 510
"v:\vex_os\boot\loader\src\package.c", "C", 0, 0, 0, 0, 0, 120, 0, 0, 0, 0, 22, 142
"v:\vex_os\boot\loader\src\sha256.c", "C", 0, 0, 0, 0, 0, 119, 0, 0, 0, 0, 19, 138
"v:\vex_os\boot\loader\src\tweetnacl.c", "C", 0, 0, 0, 0, 0, 412, 0, 0, 0, 0, 64, 476
"v:\vex_os\boot\loader\target\.rustc_info.json", "JSON", 0, 0, 1, 0, 0, 0, 0, 0, 0, 0, 0, 1
"v:\vex_os\boot\loader\target\release\.fingerprint\curve25519-dalek-769562031082d83c\build-script-build-script-build.json", "JSON", 0, 0, 1, 0, 0, 0, 0, 0, 0, 0, 0, 1
"v:\vex_os\boot\loader\target\release\.fingerprint\curve25519-dalek-derive-b9550572b34d0a87\lib-curve25519_dalek_derive.json", "JSON", 0, 0, 1, 0, 0, 0, 0, 0, 0, 0, 0, 1
"v:\vex_os\boot\loader\target\release\.fingerprint\generic-array-f4dc80595c54df6e\build-script-build-script-build.json", "JSON", 0, 0, 1, 0, 0, 0, 0, 0, 0, 0, 0, 1
"v:\vex_os\boot\loader\target\release\.fingerprint\proc-macro2-4785ec6557004dcf\run-build-script-build-script-build.json", "JSON", 0, 0, 1, 0, 0, 0, 0, 0, 0, 0, 0, 1
"v:\vex_os\boot\loader\target\release\.fingerprint\proc-macro2-72d2bc2b14af4d43\build-script-build-script-build.json", "JSON", 0, 0, 1, 0, 0, 0, 0, 0, 0, 0, 0, 1
"v:\vex_os\boot\loader\target\release\.fingerprint\proc-macro2-e6b5db7dddddaece\lib-proc_macro2.json", "JSON", 0, 0, 1, 0, 0, 0, 0, 0, 0, 0, 0, 1
"v:\vex_os\boot\loader\target\release\.fingerprint\ptr_meta_derive-8cfbc78be0d37a45\lib-ptr_meta_derive.json", "JSON", 0, 0, 1, 0, 0, 0, 0, 0, 0, 0, 0, 1
"v:\vex_os\boot\loader\target\release\.fingerprint\quote-12c2b458db79443d\run-build-script-build-script-build.json", "JSON", 0, 0, 1, 0, 0, 0, 0, 0, 0, 0, 0, 1
"v:\vex_os\boot\loader\target\release\.fingerprint\quote-28641a5334d22d3d\lib-quote.json", "JSON", 0, 0, 1, 0, 0, 0, 0, 0, 0, 0, 0, 1
"v:\vex_os\boot\loader\target\release\.fingerprint\quote-77f4dd0ddd3ba1c7\build-script-build-script-build.json", "JSON", 0, 0, 1, 0, 0, 0, 0, 0, 0, 0, 0, 1
"v:\vex_os\boot\loader\target\release\.fingerprint\rustc_version-f7247aef9f8080cb\lib-rustc_version.json", "JSON", 0, 0, 1, 0, 0, 0, 0, 0, 0, 0, 0, 1
"v:\vex_os\boot\loader\target\release\.fingerprint\semver-16dc8760dec18436\lib-semver.json", "JSON", 0, 0, 1, 0, 0, 0, 0, 0, 0, 0, 0, 1
"v:\vex_os\boot\loader\target\release\.fingerprint\syn-e1e5133e0a87bac0\lib-syn.json", "JSON", 0, 0, 1, 0, 0, 0, 0, 0, 0, 0, 0, 1
"v:\vex_os\boot\loader\target\release\.fingerprint\uefi-macros-0a3fa1c38dfd791d\lib-uefi_macros.json", "JSON", 0, 0, 1, 0, 0, 0, 0, 0, 0, 0, 0, 1
"v:\vex_os\boot\loader\target\release\.fingerprint\unicode-ident-5407e3ddb834d3f2\lib-unicode_ident.json", "JSON", 0, 0, 1, 0, 0, 0, 0, 0, 0, 0, 0, 1
"v:\vex_os\boot\loader\target\release\.fingerprint\version_check-44258754c0151999\lib-version_check.json", "JSON", 0, 0, 1, 0, 0, 0, 0, 0, 0, 0, 0, 1
"v:\vex_os\boot\loader\target\x86_64-unknown-uefi\release\.fingerprint\bit_field-cbe1201b4b875dce\lib-bit_field.json", "JSON", 0, 0, 1, 0, 0, 0, 0, 0, 0, 0, 0, 1
"v:\vex_os\boot\loader\target\x86_64-unknown-uefi\release\.fingerprint\bitflags-f2082f24f8d37ffe\lib-bitflags.json", "JSON", 0, 0, 1, 0, 0, 0, 0, 0, 0, 0, 0, 1
"v:\vex_os\boot\loader\target\x86_64-unknown-uefi\release\.fingerprint\block-buffer-d96327a2a428abb0\lib-block_buffer.json", "JSON", 0, 0, 1, 0, 0, 0, 0, 0, 0, 0, 0, 1
"v:\vex_os\boot\loader\target\x86_64-unknown-uefi\release\.fingerprint\cfg-if-273ffe4f4781cd56\lib-cfg_if.json", "JSON", 0, 0, 1, 0, 0, 0, 0, 0, 0, 0, 0, 1
"v:\vex_os\boot\loader\target\x86_64-unknown-uefi\release\.fingerprint\cpufeatures-7bfc4b36b50bdeba\lib-cpufeatures.json", "JSON", 0, 0, 1, 0, 0, 0, 0, 0, 0, 0, 0, 1
"v:\vex_os\boot\loader\target\x86_64-unknown-uefi\release\.fingerprint\crypto-common-856ebb28f585c145\lib-crypto_common.json", "JSON", 0, 0, 1, 0, 0, 0, 0, 0, 0, 0, 0, 1
"v:\vex_os\boot\loader\target\x86_64-unknown-uefi\release\.fingerprint\crypto-common-ed85b41a22e5c024\lib-crypto_common.json", "JSON", 0, 0, 1, 0, 0, 0, 0, 0, 0, 0, 0, 1
"v:\vex_os\boot\loader\target\x86_64-unknown-uefi\release\.fingerprint\curve25519-dalek-886942803a27a3fd\lib-curve25519_dalek.json", "JSON", 0, 0, 1, 0, 0, 0, 0, 0, 0, 0, 0, 1
"v:\vex_os\boot\loader\target\x86_64-unknown-uefi\release\.fingerprint\curve25519-dalek-ef92a065eda0313f\run-build-script-build-script-build.json", "JSON", 0, 0, 1, 0, 0, 0, 0, 0, 0, 0, 0, 1
"v:\vex_os\boot\loader\target\x86_64-unknown-uefi\release\.fingerprint\curve25519-dalek-fe9385f86f89dd77\lib-curve25519_dalek.json", "JSON", 0, 0, 1, 0, 0, 0, 0, 0, 0, 0, 0, 1
"v:\vex_os\boot\loader\target\x86_64-unknown-uefi\release\.fingerprint\digest-0378e93708eb5fd0\lib-digest.json", "JSON", 0, 0, 1, 0, 0, 0, 0, 0, 0, 0, 0, 1
"v:\vex_os\boot\loader\target\x86_64-unknown-uefi\release\.fingerprint\digest-b059eb2081b8cf30\lib-digest.json", "JSON", 0, 0, 1, 0, 0, 0, 0, 0, 0, 0, 0, 1
"v:\vex_os\boot\loader\target\x86_64-unknown-uefi\release\.fingerprint\ed25519-9653af8ce642bd9b\lib-ed25519.json", "JSON", 0, 0, 1, 0, 0, 0, 0, 0, 0, 0, 0, 1
"v:\vex_os\boot\loader\target\x86_64-unknown-uefi\release\.fingerprint\ed25519-dalek-27687fe0890fac60\lib-ed25519_dalek.json", "JSON", 0, 0, 1, 0, 0, 0, 0, 0, 0, 0, 0, 1
"v:\vex_os\boot\loader\target\x86_64-unknown-uefi\release\.fingerprint\ed25519-dalek-38152d000a9cbe4e\lib-ed25519_dalek.json", "JSON", 0, 0, 1, 0, 0, 0, 0, 0, 0, 0, 0, 1
"v:\vex_os\boot\loader\target\x86_64-unknown-uefi\release\.fingerprint\generic-array-23eeef57f50114dd\lib-generic_array.json", "JSON", 0, 0, 1, 0, 0, 0, 0, 0, 0, 0, 0, 1
"v:\vex_os\boot\loader\target\x86_64-unknown-uefi\release\.fingerprint\generic-array-7b76943d0682d1a8\run-build-script-build-script-build.json", "JSON", 0, 0, 1, 0, 0, 0, 0, 0, 0, 0, 0, 1
"v:\vex_os\boot\loader\target\x86_64-unknown-uefi\release\.fingerprint\log-cdd89cbbe9774fc6\lib-log.json", "JSON", 0, 0, 1, 0, 0, 0, 0, 0, 0, 0, 0, 1
"v:\vex_os\boot\loader\target\x86_64-unknown-uefi\release\.fingerprint\ptr_meta-df81312a49f51119\lib-ptr_meta.json", "JSON", 0, 0, 1, 0, 0, 0, 0, 0, 0, 0, 0, 1
"v:\vex_os\boot\loader\target\x86_64-unknown-uefi\release\.fingerprint\sha2-134809fef1c95c45\lib-sha2.json", "JSON", 0, 0, 1, 0, 0, 0, 0, 0, 0, 0, 0, 1
"v:\vex_os\boot\loader\target\x86_64-unknown-uefi\release\.fingerprint\sha2-e157437fba9440da\lib-sha2.json", "JSON", 0, 0, 1, 0, 0, 0, 0, 0, 0, 0, 0, 1
"v:\vex_os\boot\loader\target\x86_64-unknown-uefi\release\.fingerprint\signature-61c14b6d65a61428\lib-signature.json", "JSON", 0, 0, 1, 0, 0, 0, 0, 0, 0, 0, 0, 1
"v:\vex_os\boot\loader\target\x86_64-unknown-uefi\release\.fingerprint\subtle-a032d000767df35b\lib-subtle.json", "JSON", 0, 0, 1, 0, 0, 0, 0, 0, 0, 0, 0, 1
"v:\vex_os\boot\loader\target\x86_64-unknown-uefi\release\.fingerprint\typenum-b59b66e9b4f45af3\lib-typenum.json", "JSON", 0, 0, 1, 0, 0, 0, 0, 0, 0, 0, 0, 1
"v:\vex_os\boot\loader\target\x86_64-unknown-uefi\release\.fingerprint\ucs2-1868e22a4eec054c\lib-ucs2.json", "JSON", 0, 0, 1, 0, 0, 0, 0, 0, 0, 0, 0, 1
"v:\vex_os\boot\loader\target\x86_64-unknown-uefi\release\.fingerprint\uefi-e4c9495851a4cfae\lib-uefi.json", "JSON", 0, 0, 1, 0, 0, 0, 0, 0, 0, 0, 0, 1
"v:\vex_os\boot\loader\target\x86_64-unknown-uefi\release\.fingerprint\uefi-raw-605f0a1d6271cbf2\lib-uefi_raw.json", "JSON", 0, 0, 1, 0, 0, 0, 0, 0, 0, 0, 0, 1
"v:\vex_os\boot\loader\target\x86_64-unknown-uefi\release\.fingerprint\uguid-5c2811f0444242ed\lib-uguid.json", "JSON", 0, 0, 1, 0, 0, 0, 0, 0, 0, 0, 0, 1
"v:\vex_os\boot\loader\target\x86_64-unknown-uefi\release\.fingerprint\vex_loader-4f821b609b5f3d5b\bin-vex_loader.json", "JSON", 0, 0, 1, 0, 0, 0, 0, 0, 0, 0, 0, 1
"v:\vex_os\boot\loader\target\x86_64-unknown-uefi\release\.fingerprint\vex_loader-bf5a142ae22d60fd\bin-vex_loader.json", "JSON", 0, 0, 1, 0, 0, 0, 0, 0, 0, 0, 0, 1
"v:\vex_os\boot\loader\target\x86_64-unknown-uefi\release\.fingerprint\zeroize-af5f46ca9563ff51\lib-zeroize.json", "JSON", 0, 0, 1, 0, 0, 0, 0, 0, 0, 0, 0, 1
"v:\vex_os\build\CMakeCache.txt", "CMake Cache", 0, 0, 0, 0, 0, 0, 0, 407, 0, 0, 95, 502
"v:\vex_os\build\CMakeFiles\4.3.1\CMakeASM_NASMCompiler.cmake", "CMake", 0, 0, 0, 26, 0, 0, 0, 0, 0, 0, 5, 31
"v:\vex_os\build\CMakeFiles\4.3.1\CMakeCCompiler.cmake", "CMake", 0, 0, 0, 68, 0, 0, 0, 0, 0, 0, 18, 86
"v:\vex_os\build\CMakeFiles\4.3.1\CMakeCXXCompiler.cmake", "CMake", 0, 0, 0, 82, 0, 0, 0, 0, 0, 0, 21, 103
"v:\vex_os\build\CMakeFiles\4.3.1\CMakeRCCompiler.cmake", "CMake", 0, 0, 0, 6, 0, 0, 0, 0, 0, 0, 1, 7
"v:\vex_os\build\CMakeFiles\4.3.1\CMakeSystem.cmake", "CMake", 0, 0, 0, 10, 0, 0, 0, 0, 0, 0, 6, 16
"v:\vex_os\build\CMakeFiles\4.3.1\CompilerIdCXX\CMakeCXXCompilerId.cpp", "C++", 0, 0, 0, 0, 729, 0, 0, 0, 0, 63, 158, 950
"v:\vex_os\build\CMakeFiles\4.3.1\CompilerIdC\CMakeCCompilerId.c", "C", 0, 0, 0, 0, 0, 711, 0, 0, 0, 62, 162, 935
"v:\vex_os\build\CMakeFiles\CMakeConfigureLog.yaml", "YAML", 0, 0, 0, 0, 0, 0, 0, 0, 10617, 4, 46, 10667
"v:\vex_os\build\CMakeFiles\InstallScripts.json", "JSON", 0, 0, 7, 0, 0, 0, 0, 0, 0, 0, 1, 8
"v:\vex_os\build\CTestTestfile.cmake", "CMake", 0, 0, 0, 10, 0, 0, 0, 0, 0, 0, 1, 11
"v:\vex_os\build\boot\compositor_blob.c", "C", 0, 0, 0, 0, 0, 1148, 0, 0, 0, 0, 3, 1151
"v:\vex_os\build\boot\diag_blob.c", "C", 0, 0, 0, 0, 0, 685, 0, 0, 0, 0, 3, 688
"v:\vex_os\build\boot\gpu_blob.c", "C", 0, 0, 0, 0, 0, 1398, 0, 0, 0, 0, 3, 1401
"v:\vex_os\build\boot\init_blob.c", "C", 0, 0, 0, 0, 0, 2787776, 0, 0, 0, 0, 3, 2787779
"v:\vex_os\build\boot\kernel_blob.c", "C", 0, 0, 0, 0, 0, 4098, 0, 0, 0, 0, 3, 4101
"v:\vex_os\build\boot\services_blob.c", "C", 0, 0, 0, 0, 0, 831, 0, 0, 0, 0, 3, 834
"v:\vex_os\build\boot\terminal_blob.c", "C", 0, 0, 0, 0, 0, 326, 0, 0, 0, 0, 3, 329
"v:\vex_os\build\boot\tests_blob.c", "C", 0, 0, 0, 0, 0, 521, 0, 0, 0, 0, 3, 524
"v:\vex_os\build\cmake_install.cmake", "CMake", 0, 0, 0, 54, 0, 0, 0, 0, 0, 0, 8, 62
"v:\vex_os\command-to-run.md", "Markdown", 11, 0, 0, 0, 0, 0, 0, 0, 0, 0, 0, 11
"v:\vex_os\docs\architecture.md", "Markdown", 239, 0, 0, 0, 0, 0, 0, 0, 0, 0, 64, 303
"v:\vex_os\docs\build.md", "Markdown", 108, 0, 0, 0, 0, 0, 0, 0, 0, 0, 39, 147
"v:\vex_os\docs\developer-guide.md", "Markdown", 134, 0, 0, 0, 0, 0, 0, 0, 0, 0, 47, 181
"v:\vex_os\docs\package-format.md", "Markdown", 153, 0, 0, 0, 0, 0, 0, 0, 0, 0, 53, 206
"v:\vex_os\docs\roadmap.md", "Markdown", 104, 0, 0, 0, 0, 0, 0, 0, 0, 0, 35, 139
"v:\vex_os\docs\running.md", "Markdown", 105, 0, 0, 0, 0, 0, 0, 0, 0, 0, 36, 141
"v:\vex_os\kernel\arch\x86_64\execution.c", "C", 0, 0, 0, 0, 0, 143, 0, 0, 0, 0, 22, 165
"v:\vex_os\kernel\arch\x86_64\framebuffer.c", "C", 0, 0, 0, 0, 0, 341, 0, 0, 0, 0, 36, 377
"v:\vex_os\kernel\arch\x86_64\interrupts.c", "C", 0, 0, 0, 0, 0, 111, 0, 0, 0, 0, 15, 126
"v:\vex_os\kernel\arch\x86_64\port.h", "C++", 0, 0, 0, 0, 12, 0, 0, 0, 0, 0, 5, 17
"v:\vex_os\kernel\arch\x86_64\ps2_keyboard.c", "C", 0, 0, 0, 0, 0, 45, 0, 0, 0, 0, 9, 54
"v:\vex_os\kernel\arch\x86_64\serial.c", "C", 0, 0, 0, 0, 0, 19, 0, 0, 0, 0, 4, 23
"v:\vex_os\kernel\arch\x86_64\timer.c", "C", 0, 0, 0, 0, 0, 30, 0, 0, 0, 0, 7, 37
"v:\vex_os\kernel\core\acpi.c", "C", 0, 0, 0, 0, 0, 160, 0, 0, 0, 0, 26, 186
"v:\vex_os\kernel\core\address_space.c", "C", 0, 0, 0, 0, 0, 284, 0, 0, 0, 0, 36, 320
"v:\vex_os\kernel\core\console.c", "C", 0, 0, 0, 0, 0, 41, 0, 0, 0, 0, 6, 47
"v:\vex_os\kernel\core\desktop.c", "C", 0, 0, 0, 0, 0, 237, 0, 0, 0, 0, 26, 263
"v:\vex_os\kernel\core\graphics.c", "C", 0, 0, 0, 0, 0, 256, 0, 0, 0, 0, 33, 289
"v:\vex_os\kernel\core\ipc.c", "C", 0, 0, 0, 0, 0, 24, 0, 0, 0, 0, 6, 30
"v:\vex_os\kernel\core\kernel.c", "C", 0, 0, 0, 0, 0, 449, 0, 0, 0, 0, 45, 494
"v:\vex_os\kernel\core\manifest.c", "C", 0, 0, 0, 0, 0, 150, 0, 0, 0, 0, 23, 173
"v:\vex_os\kernel\core\memory.c", "C", 0, 0, 0, 0, 0, 124, 0, 0, 0, 0, 26, 150
"v:\vex_os\kernel\core\process.c", "C", 0, 0, 0, 0, 0, 278, 0, 0, 0, 6, 34, 318
"v:\vex_os\kernel\core\scheduler.c", "C", 0, 0, 0, 0, 0, 61, 0, 0, 0, 0, 11, 72
"v:\vex_os\kernel\core\syscall.c", "C", 0, 0, 0, 0, 0, 91, 0, 0, 0, 0, 5, 96
"v:\vex_os\kernel\include\vex\boot_info.h", "C++", 0, 0, 0, 0, 80, 0, 0, 0, 0, 0, 11, 91
"v:\vex_os\kernel\include\vex\kernel.h", "C++", 0, 0, 0, 0, 322, 0, 0, 0, 0, 0, 38, 360
"v:\vex_os\kernel\include\vex\types.h", "C++", 0, 0, 0, 0, 9, 0, 0, 0, 0, 0, 3, 12
"v:\vex_os\loader_pars.md", "Markdown", 155, 0, 0, 0, 0, 0, 0, 0, 0, 0, 5, 160
"v:\vex_os\tests\fixtures\demo-app\manifest.json", "JSON", 0, 0, 14, 0, 0, 0, 0, 0, 0, 0, 1, 15
"v:\vex_os\tests\package_tooling.py", "Python", 0, 82, 0, 0, 0, 0, 0, 0, 0, 0, 19, 101
"v:\vex_os\tests\smoke_boot.py", "Python", 0, 90, 0, 0, 0, 0, 0, 0, 0, 0, 13, 103
"v:\vex_os\tools\analyze_tests.py", "Python", 0, 155, 0, 0, 0, 0, 0, 0, 0, 7, 35, 197
"v:\vex_os\tools\generate_blob_source.py", "Python", 0, 30, 0, 0, 0, 0, 0, 0, 0, 0, 9, 39
"v:\vex_os\tools\generate_wallpaper_asset.py", "Python", 0, 34, 0, 0, 0, 0, 0, 0, 0, 0, 13, 47
"v:\vex_os\tools\vex\src\main.rs", "Rust", 0, 0, 0, 0, 0, 0, 300, 0, 0, 0, 44, 344
"v:\vex_os\tools\vex\target\.rustc_info.json", "JSON", 0, 0, 1, 0, 0, 0, 0, 0, 0, 0, 0, 1
"v:\vex_os\tools\vex\target\release\.fingerprint\block-buffer-b59faa3ad7f906b1\lib-block_buffer.json", "JSON", 0, 0, 1, 0, 0, 0, 0, 0, 0, 0, 0, 1
"v:\vex_os\tools\vex\target\release\.fingerprint\cfg-if-898e5947815c5d94\lib-cfg_if.json", "JSON", 0, 0, 1, 0, 0, 0, 0, 0, 0, 0, 0, 1
"v:\vex_os\tools\vex\target\release\.fingerprint\cpufeatures-6cbc0565f653e378\lib-cpufeatures.json", "JSON", 0, 0, 1, 0, 0, 0, 0, 0, 0, 0, 0, 1
"v:\vex_os\tools\vex\target\release\.fingerprint\crypto-common-319eaa8253366731\lib-crypto_common.json", "JSON", 0, 0, 1, 0, 0, 0, 0, 0, 0, 0, 0, 1
"v:\vex_os\tools\vex\target\release\.fingerprint\curve25519-dalek-826d39af20b53719\run-build-script-build-script-build.json", "JSON", 0, 0, 1, 0, 0, 0, 0, 0, 0, 0, 0, 1
"v:\vex_os\tools\vex\target\release\.fingerprint\curve25519-dalek-9b179b87c3de6e19\lib-curve25519_dalek.json", "JSON", 0, 0, 1, 0, 0, 0, 0, 0, 0, 0, 0, 1
"v:\vex_os\tools\vex\target\release\.fingerprint\curve25519-dalek-c513941123015ea9\build-script-build-script-build.json", "JSON", 0, 0, 1, 0, 0, 0, 0, 0, 0, 0, 0, 1
"v:\vex_os\tools\vex\target\release\.fingerprint\curve25519-dalek-derive-4654edfc8bac0664\lib-curve25519_dalek_derive.json", "JSON", 0, 0, 1, 0, 0, 0, 0, 0, 0, 0, 0, 1
"v:\vex_os\tools\vex\target\release\.fingerprint\digest-8bc7652c5f9f2ae6\lib-digest.json", "JSON", 0, 0, 1, 0, 0, 0, 0, 0, 0, 0, 0, 1
"v:\vex_os\tools\vex\target\release\.fingerprint\ed25519-dalek-dd0bca8ec1cd284e\lib-ed25519_dalek.json", "JSON", 0, 0, 1, 0, 0, 0, 0, 0, 0, 0, 0, 1
"v:\vex_os\tools\vex\target\release\.fingerprint\ed25519-e4e21649c23c61b9\lib-ed25519.json", "JSON", 0, 0, 1, 0, 0, 0, 0, 0, 0, 0, 0, 1
"v:\vex_os\tools\vex\target\release\.fingerprint\generic-array-076dab6f0f014b97\run-build-script-build-script-build.json", "JSON", 0, 0, 1, 0, 0, 0, 0, 0, 0, 0, 0, 1
"v:\vex_os\tools\vex\target\release\.fingerprint\generic-array-372483b9aa01d8a5\build-script-build-script-build.json", "JSON", 0, 0, 1, 0, 0, 0, 0, 0, 0, 0, 0, 1
"v:\vex_os\tools\vex\target\release\.fingerprint\generic-array-7fa45e6858dab8e9\lib-generic_array.json", "JSON", 0, 0, 1, 0, 0, 0, 0, 0, 0, 0, 0, 1
"v:\vex_os\tools\vex\target\release\.fingerprint\hex-cebabe17eaed0660\lib-hex.json", "JSON", 0, 0, 1, 0, 0, 0, 0, 0, 0, 0, 0, 1
"v:\vex_os\tools\vex\target\release\.fingerprint\itoa-4ad65c72c9556ba2\lib-itoa.json", "JSON", 0, 0, 1, 0, 0, 0, 0, 0, 0, 0, 0, 1
"v:\vex_os\tools\vex\target\release\.fingerprint\memchr-d556eeb702a8ff8b\lib-memchr.json", "JSON", 0, 0, 1, 0, 0, 0, 0, 0, 0, 0, 0, 1
"v:\vex_os\tools\vex\target\release\.fingerprint\proc-macro2-5c3a8c675a71672c\lib-proc_macro2.json", "JSON", 0, 0, 1, 0, 0, 0, 0, 0, 0, 0, 0, 1
"v:\vex_os\tools\vex\target\release\.fingerprint\proc-macro2-5efa0c63d091d868\build-script-build-script-build.json", "JSON", 0, 0, 1, 0, 0, 0, 0, 0, 0, 0, 0, 1
"v:\vex_os\tools\vex\target\release\.fingerprint\proc-macro2-986b4d8559a6fd5b\lib-proc_macro2.json", "JSON", 0, 0, 1, 0, 0, 0, 0, 0, 0, 0, 0, 1
"v:\vex_os\tools\vex\target\release\.fingerprint\proc-macro2-adc7182e1f62f6df\run-build-script-build-script-build.json", "JSON", 0, 0, 1, 0, 0, 0, 0, 0, 0, 0, 0, 1
"v:\vex_os\tools\vex\target\release\.fingerprint\proc-macro2-bc2fa91951f8706c\build-script-build-script-build.json", "JSON", 0, 0, 1, 0, 0, 0, 0, 0, 0, 0, 0, 1
"v:\vex_os\tools\vex\target\release\.fingerprint\proc-macro2-e5ba9a2cd91527ff\run-build-script-build-script-build.json", "JSON", 0, 0, 1, 0, 0, 0, 0, 0, 0, 0, 0, 1
"v:\vex_os\tools\vex\target\release\.fingerprint\quote-0d78564b6a692ccd\lib-quote.json", "JSON", 0, 0, 1, 0, 0, 0, 0, 0, 0, 0, 0, 1
"v:\vex_os\tools\vex\target\release\.fingerprint\quote-4d42cd921b7da51f\build-script-build-script-build.json", "JSON", 0, 0, 1, 0, 0, 0, 0, 0, 0, 0, 0, 1
"v:\vex_os\tools\vex\target\release\.fingerprint\quote-5f148aecfb488c3c\run-build-script-build-script-build.json", "JSON", 0, 0, 1, 0, 0, 0, 0, 0, 0, 0, 0, 1
"v:\vex_os\tools\vex\target\release\.fingerprint\quote-a45ee0d7fbe6959d\lib-quote.json", "JSON", 0, 0, 1, 0, 0, 0, 0, 0, 0, 0, 0, 1
"v:\vex_os\tools\vex\target\release\.fingerprint\quote-e94d17f7e4f9e29f\build-script-build-script-build.json", "JSON", 0, 0, 1, 0, 0, 0, 0, 0, 0, 0, 0, 1
"v:\vex_os\tools\vex\target\release\.fingerprint\quote-feea59a140c4feae\run-build-script-build-script-build.json", "JSON", 0, 0, 1, 0, 0, 0, 0, 0, 0, 0, 0, 1
"v:\vex_os\tools\vex\target\release\.fingerprint\rustc_version-af63fab1bc64bf9d\lib-rustc_version.json", "JSON", 0, 0, 1, 0, 0, 0, 0, 0, 0, 0, 0, 1
"v:\vex_os\tools\vex\target\release\.fingerprint\semver-32d82ad58780b2ff\lib-semver.json", "JSON", 0, 0, 1, 0, 0, 0, 0, 0, 0, 0, 0, 1
"v:\vex_os\tools\vex\target\release\.fingerprint\serde-b17679604b62c832\build-script-build-script-build.json", "JSON", 0, 0, 1, 0, 0, 0, 0, 0, 0, 0, 0, 1
"v:\vex_os\tools\vex\target\release\.fingerprint\serde-d4fb944ca7185aaf\lib-serde.json", "JSON", 0, 0, 1, 0, 0, 0, 0, 0, 0, 0, 0, 1
"v:\vex_os\tools\vex\target\release\.fingerprint\serde-dc3fb062b2b83cf3\run-build-script-build-script-build.json", "JSON", 0, 0, 1, 0, 0, 0, 0, 0, 0, 0, 0, 1
"v:\vex_os\tools\vex\target\release\.fingerprint\serde-f9601ea804951f08\lib-serde.json", "JSON", 0, 0, 1, 0, 0, 0, 0, 0, 0, 0, 0, 1
"v:\vex_os\tools\vex\target\release\.fingerprint\serde_core-5a3ae6acdfbb4b37\run-build-script-build-script-build.json", "JSON", 0, 0, 1, 0, 0, 0, 0, 0, 0, 0, 0, 1
"v:\vex_os\tools\vex\target\release\.fingerprint\serde_core-7b36b7fe65ef654c\lib-serde_core.json", "JSON", 0, 0, 1, 0, 0, 0, 0, 0, 0, 0, 0, 1
"v:\vex_os\tools\vex\target\release\.fingerprint\serde_core-ea16e9cd4d11896c\build-script-build-script-build.json", "JSON", 0, 0, 1, 0, 0, 0, 0, 0, 0, 0, 0, 1
"v:\vex_os\tools\vex\target\release\.fingerprint\serde_derive-1298e1eab080eb1e\lib-serde_derive.json", "JSON", 0, 0, 1, 0, 0, 0, 0, 0, 0, 0, 0, 1
"v:\vex_os\tools\vex\target\release\.fingerprint\serde_derive-a149313b626afa1a\lib-serde_derive.json", "JSON", 0, 0, 1, 0, 0, 0, 0, 0, 0, 0, 0, 1
"v:\vex_os\tools\vex\target\release\.fingerprint\serde_json-14f3bb76a9f80deb\build-script-build-script-build.json", "JSON", 0, 0, 1, 0, 0, 0, 0, 0, 0, 0, 0, 1
"v:\vex_os\tools\vex\target\release\.fingerprint\serde_json-867207b15e6a21e4\run-build-script-build-script-build.json", "JSON", 0, 0, 1, 0, 0, 0, 0, 0, 0, 0, 0, 1
"v:\vex_os\tools\vex\target\release\.fingerprint\serde_json-9758ef6abcae0085\lib-serde_json.json", "JSON", 0, 0, 1, 0, 0, 0, 0, 0, 0, 0, 0, 1
"v:\vex_os\tools\vex\target\release\.fingerprint\sha2-b3f09e28ae51f65d\lib-sha2.json", "JSON", 0, 0, 1, 0, 0, 0, 0, 0, 0, 0, 0, 1
"v:\vex_os\tools\vex\target\release\.fingerprint\signature-f8f9c804a518ef78\lib-signature.json", "JSON", 0, 0, 1, 0, 0, 0, 0, 0, 0, 0, 0, 1
"v:\vex_os\tools\vex\target\release\.fingerprint\subtle-24653acb739cb3d6\lib-subtle.json", "JSON", 0, 0, 1, 0, 0, 0, 0, 0, 0, 0, 0, 1
"v:\vex_os\tools\vex\target\release\.fingerprint\syn-a3f1e3f85b6b34be\lib-syn.json", "JSON", 0, 0, 1, 0, 0, 0, 0, 0, 0, 0, 0, 1
"v:\vex_os\tools\vex\target\release\.fingerprint\syn-a46212eabf746f6d\lib-syn.json", "JSON", 0, 0, 1, 0, 0, 0, 0, 0, 0, 0, 0, 1
"v:\vex_os\tools\vex\target\release\.fingerprint\typenum-09696c8d04682e10\lib-typenum.json", "JSON", 0, 0, 1, 0, 0, 0, 0, 0, 0, 0, 0, 1
"v:\vex_os\tools\vex\target\release\.fingerprint\unicode-ident-30829473e3ef3dfa\lib-unicode_ident.json", "JSON", 0, 0, 1, 0, 0, 0, 0, 0, 0, 0, 0, 1
"v:\vex_os\tools\vex\target\release\.fingerprint\version_check-fe38d605a08b0f11\lib-version_check.json", "JSON", 0, 0, 1, 0, 0, 0, 0, 0, 0, 0, 0, 1
"v:\vex_os\tools\vex\target\release\.fingerprint\vex-e038bf0b048e55ab\bin-vex.json", "JSON", 0, 0, 1, 0, 0, 0, 0, 0, 0, 0, 0, 1
"v:\vex_os\tools\vex\target\release\.fingerprint\zeroize-dc82bf60408dc717\lib-zeroize.json", "JSON", 0, 0, 1, 0, 0, 0, 0, 0, 0, 0, 0, 1
"v:\vex_os\tools\vex\target\release\.fingerprint\zmij-3231fc4877336a2f\build-script-build-script-build.json", "JSON", 0, 0, 1, 0, 0, 0, 0, 0, 0, 0, 0, 1
"v:\vex_os\tools\vex\target\release\.fingerprint\zmij-363ba53b1dbf3c74\run-build-script-build-script-build.json", "JSON", 0, 0, 1, 0, 0, 0, 0, 0, 0, 0, 0, 1
"v:\vex_os\tools\vex\target\release\.fingerprint\zmij-620c97463fe83c5a\lib-zmij.json", "JSON", 0, 0, 1, 0, 0, 0, 0, 0, 0, 0, 0, 1
"v:\vex_os\tools\vex\target\release\build\serde-dc3fb062b2b83cf3\out\private.rs", "Rust", 0, 0, 0, 0, 0, 0, 6, 0, 0, 0, 1, 7
"v:\vex_os\tools\vex\target\release\build\serde_core-5a3ae6acdfbb4b37\out\private.rs", "Rust", 0, 0, 0, 0, 0, 0, 5, 0, 0, 0, 1, 6
"v:\vex_os\tttt.md", "Markdown", 157, 0, 0, 0, 0, 0, 0, 0, 0, 0, 190, 347
"Total", "-", 1166, 391, 225, 1421, 2446, 2808090, 311, 407, 10617, 157, 2584, 2827815